{
  "Idle": {
    "Frame0": [ 1.0, 65.0, 65.0, 1.0 ],
    "NumFrames": 1,
    "Repeating": true,
    "SecsPerFrame": 0.0010000000474974513
  },
  "Walking": {
    "Frame0": [ 1.0, 65.0, 65.0, 1.0 ],
    "Frame1": [ 67.0, 65.0, 131.0, 1.0 ],
    "Frame10": [ 1.0, 65.0, 65.0, 1.0 ],
    "Frame11": [ 397.0, 65.0, 461.0, 1.0 ],
    "Frame12": [ 463.0, 65.0, 527.0, 1.0 ],
    "Frame13": [ 529.0, 65.0, 593.0, 1.0 ],
    "Frame14": [ 595.0, 65.0, 659.0, 1.0 ],
    "Frame15": [ 661.0, 65.0, 725.0, 1.0 ],
    "Frame16": [ 727.0, 65.0, 791.0, 1.0 ],
    "Frame17": [ 661.0, 65.0, 725.0, 1.0 ],
    "Frame18": [ 595.0, 65.0, 659.0, 1.0 ],
    "Frame19": [ 529.0, 65.0, 593.0, 1.0 ],
    "Frame2": [ 133.0, 65.0, 197.0, 1.0 ],
    "Frame20": [ 463.0, 65.0, 527.0, 1.0 ],
    "Frame21": [ 397.0, 65.0, 461.0, 1.0 ],
    "Frame3": [ 199.0, 65.0, 263.0, 1.0 ],
    "Frame4": [ 265.0, 65.0, 329.0, 1.0 ],
    "Frame5": [ 331.0, 65.0, 395.0, 1.0 ],
    "Frame6": [ 265.0, 65.0, 329.0, 1.0 ],
    "Frame7": [ 199.0, 65.0, 263.0, 1.0 ],
    "Frame8": [ 133.0, 65.0, 197.0, 1.0 ],
    "Frame9": [ 67.0, 65.0, 131.0, 1.0 ],
    "NumFrames": 22,
    "Repeating": true,
    "SecsPerFrame": 0.0100000000474974513
  }
}