{
  "Crawl": {
    "Frame0": [ 1.0, 65.0, 65.0, 1.0 ],
    "Frame1": [ 67.0, 65.0, 131.0, 1.0 ],
    "Frame10": [ 331.0, 65.0, 395.0, 1.0 ],
    "Frame11": [ 265.0, 65.0, 329.0, 1.0 ],
    "Frame2": [ 133.0, 65.0, 197.0, 1.0 ],
    "Frame3": [ 199.0, 65.0, 263.0, 1.0 ],
    "Frame4": [ 133.0, 65.0, 197.0, 1.0 ],
    "Frame5": [ 67.0, 65.0, 131.0, 1.0 ],
    "Frame6": [ 1.0, 65.0, 65.0, 1.0 ],
    "Frame7": [ 265.0, 65.0, 329.0, 1.0 ],
    "Frame8": [ 331.0, 65.0, 395.0, 1.0 ],
    "Frame9": [ 397.0, 65.0, 461.0, 1.0 ],
    "NumFrames": 12,
    "Repeating": true,
    "SecsPerFrame": 0.07999999821186066
  },
  "charge": {
    "Frame0": [ 463.0, 65.0, 527.0, 1.0 ],
    "Frame1": [ 529.0, 65.0, 593.0, 1.0 ],
    "Frame2": [ 595.0, 65.0, 659.0, 1.0 ],
    "NumFrames": 3,
    "Repeating": false,
    "SecsPerFrame": 0.07999999821186066
  },
  "deadMan": {
    "Frame0": [ 925.0, 65.0, 989.0, 1.0 ],
    "NumFrames": 1,
    "Repeating": true,
    "SecsPerFrame": 0.009999999776482582
  },
  "death": {
    "Frame0": [ 661.0, 65.0, 725.0, 1.0 ],
    "Frame1": [ 727.0, 65.0, 791.0, 1.0 ],
    "Frame2": [ 793.0, 65.0, 857.0, 1.0 ],
    "Frame3": [ 859.0, 65.0, 923.0, 1.0 ],
    "NumFrames": 4,
    "Repeating": false,
    "SecsPerFrame": 0.07999999821186066
  },
  "idle": {
    "Frame0": [ 1.0, 65.0, 65.0, 1.0 ],
    "NumFrames": 1,
    "Repeating": true,
    "SecsPerFrame": 0.07999999821186066
  },
  "idleShoot": {
    "Frame0": [ 595.0, 65.0, 659.0, 1.0 ],
    "NumFrames": 1,
    "Repeating": true,
    "SecsPerFrame": 0.07999999821186066
  },
  "reverseCharge": {
    "Frame0": [ 595.0, 65.0, 659.0, 1.0 ],
    "Frame1": [ 529.0, 65.0, 593.0, 1.0 ],
    "Frame2": [ 463.0, 65.0, 527.0, 1.0 ],
    "NumFrames": 3,
    "Repeating": false,
    "SecsPerFrame": 0.07999999821186066
  }
}